{
    "parent": "block/block",
    "textures": {
        "all": "natura:blocks/saguaro/saguaro_fruit"
    },
    "elements": [
        {
            "from": [ 4.0, 0.0, 4.0 ], 
            "to": [ 12.0, 9.0, 12.0 ], 
            "faces": {
                "north": { "texture": "#all", "uv": [ 8.0, 4.0, 16.0, 13.0 ] },
                "east": { "texture": "#all", "uv": [ 8.0, 4.0, 16.0, 13.0 ] },
                "south": { "texture": "#all", "uv": [ 8.0, 4.0, 16.0, 13.0 ] },
                "west": { "texture": "#all", "uv": [ 8.0, 4.0, 16.0, 13.0 ] },
                "up": { "texture": "#all", "uv": [ 0.0, 0.0, 7.0, 7.0 ] },
                "down": { "texture": "#all", "uv": [ 0.0, 0.0, 7.0, 7.0 ] }
            }
        }
    ]
}