{
    "forge_marker": 1,
    "defaults": {
        "transform": "forge:default-block"
    },
    "variants": {
        "powered=false,shape=north_south":  { "model": "rail_flat", "textures": { "rail": "natura:blocks/rail/blaze_rail_detector" } },
        "powered=false,shape=east_west":  { "model": "rail_flat", "y": 90, "textures": { "rail": "natura:blocks/rail/blaze_rail_detector" } },
        "powered=false,shape=ascending_east": { "model": "rail_raised_ne", "y": 90, "textures": { "rail": "natura:blocks/rail/blaze_rail_detector" } },
        "powered=false,shape=ascending_west": { "model": "rail_raised_sw", "y": 90, "textures": { "rail": "natura:blocks/rail/blaze_rail_detector" } },
        "powered=false,shape=ascending_north": { "model": "rail_raised_ne", "textures": { "rail": "natura:blocks/rail/blaze_rail_detector" } },
        "powered=false,shape=ascending_south": { "model": "rail_raised_sw", "textures": { "rail": "natura:blocks/rail/blaze_rail_detector" } },
        "powered=true,shape=north_south":  { "model": "rail_flat", "textures": { "rail": "natura:blocks/rail/blaze_rail_detector_powered" } },
        "powered=true,shape=east_west":  { "model": "rail_flat", "y": 90, "textures": { "rail": "natura:blocks/rail/blaze_rail_detector_powered" } },
        "powered=true,shape=ascending_east": { "model": "rail_raised_ne", "y": 90, "textures": { "rail": "natura:blocks/rail/blaze_rail_detector_powered" } },
        "powered=true,shape=ascending_west": { "model": "rail_raised_sw", "y": 90, "textures": { "rail": "natura:blocks/rail/blaze_rail_detector_powered" } },
        "powered=true,shape=ascending_north": { "model": "rail_raised_ne", "textures": { "rail": "natura:blocks/rail/blaze_rail_detector_powered" } },
        "powered=true,shape=ascending_south": { "model": "rail_raised_sw", "textures": { "rail": "natura:blocks/rail/blaze_rail_detector_powered" } }
    }
}