{
    "forge_marker": 1,
    "defaults": {
        "transform": "forge:default-block"
    },
    "variants": {
        "shape=north_south": { "model": "rail_flat", "textures": { "rail": "natura:blocks/rail/blaze_rail_normal" } },
        "shape=east_west": { "model": "rail_flat", "y": 90, "textures": { "rail": "natura:blocks/rail/blaze_rail_normal" } },
        "shape=ascending_east": { "model": "rail_raised_ne", "y": 90, "textures": { "rail": "natura:blocks/rail/blaze_rail_normal" } },
        "shape=ascending_west": { "model": "rail_raised_sw", "y": 90, "textures": { "rail": "natura:blocks/rail/blaze_rail_normal" } },
        "shape=ascending_north": { "model": "rail_raised_ne", "textures": { "rail": "natura:blocks/rail/blaze_rail_normal" } },
        "shape=ascending_south": { "model": "rail_raised_sw", "textures": { "rail": "natura:blocks/rail/blaze_rail_normal" } },
        "shape=south_east": { "model": "rail_curved", "textures": { "rail": "natura:blocks/rail/blaze_rail_normal_turned" } },
        "shape=south_west": { "model": "rail_curved", "y": 90, "textures": { "rail": "natura:blocks/rail/blaze_rail_normal_turned" } },
        "shape=north_west": { "model": "rail_curved", "y": 180, "textures": { "rail": "natura:blocks/rail/blaze_rail_normal_turned" } },
        "shape=north_east": { "model": "rail_curved", "y": 270, "textures": { "rail": "natura:blocks/rail/blaze_rail_normal_turned" } }
    }
}