{
    "forge_marker": 1,
    "defaults": {
        "transform": "forge:default-block",
        "model": "cube_all",
        "textures": {
            "all": "natura:blocks/clouds/dark_cloud",
            "particle": "#all"
        }
    },
	"variants": {
        "type": {
            "white": {
                "textures": {
                    "all": "natura:blocks/clouds/white_cloud"
                }
            },
            "dark": {
                "textures": {
                    "all": "natura:blocks/clouds/dark_cloud"
                }
            },
            "ash": {
                "textures": {
                    "all": "natura:blocks/clouds/ash_cloud"
                }
            },
            "sulfur": {
                "textures": {
                    "all": "natura:blocks/clouds/sulfur_cloud"
                }
            }
        }
    }
}