{
    "forge_marker": 1,
    "defaults": {
        "transform": "forge:default-block",
        "model": "natura:natura_grass"
    },
	"variants": {
        "type": {
            "topiary": {
                "textures": { "all": "natura:blocks/grass/grass" }
            },
            "bluegrass": {
                "textures": { "all": "natura:blocks/grass/grass" }
            },
            "autumnal": {
                "textures": { "all": "natura:blocks/grass/grass" }
            }
        }
    }
}