{
    "forge_marker": 1,
    "defaults": {
        "transform": "forge:default-block",
        "model": "natura:natura_half_slab",
        "textures": {
            "bottom": "#all",
            "top": "#all",
            "side": "#all",
            "particle": "#all"
        }
    },
    "variants": {
        "type": {
            "topiary": {
                "textures": { "all": "natura:blocks/grass/grass" }
            },
            "bluegrass": {
                "textures": { "all": "natura:blocks/grass/grass" }
            },
            "autumnal": {
                "textures": { "all": "natura:blocks/grass/grass" }
            }
        },
        "half": {
            "bottom": {
                "model": "natura:natura_half_slab"
            },
            "top": {
                "model": "natura:natura_upper_slab"
            }
        }
    }
}