{
    "forge_marker": 1,
    "defaults": {
        "transform": "forge:default-item",
        "model": "forge:item-layer"
    },
    "variants": {
        "impmeat_raw": [{ "textures": { "layer0": "natura:items/food/impmeat_raw" }}],
        "impmeat_cooked": [{ "textures": { "layer0": "natura:items/food/impmeat_cooked" }}],
        "raspberry": [{ "textures": { "layer0": "natura:items/food/raspberry" }}],
        "blueberry": [{ "textures": { "layer0": "natura:items/food/blueberry" }}],
        "blackberry": [{ "textures": { "layer0": "natura:items/food/blackberry" }}],
        "maloberry": [{ "textures": { "layer0": "natura:items/food/maloberry" }}],
        "blightberry": [{ "textures": { "layer0": "natura:items/food/blightberry" }}],
        "duskberry": [{ "textures": { "layer0": "natura:items/food/duskberry" }}],
        "skyberry": [{ "textures": { "layer0": "natura:items/food/skyberry" }}],
        "stingberry": [{ "textures": { "layer0": "natura:items/food/stingberry" }}],
        "potashapple": [{ "textures": { "layer0": "natura:items/food/potashapple" }}],
        "cactusjuice": [{ "textures": { "layer0": "natura:items/food/cactusjuice" }}]
    }
}
