{
    "forge_marker": 1,
    "defaults": {
        "transform": "forge:default-item",
        "model": "forge:item-layer"
    },
    "variants": {
        "ghostwood_bowl": [{ "textures": { "layer0": "natura:items/bowls/empty/ghostwood_bowl" }}],
        "bloodwood_bowl": [{ "textures": { "layer0": "natura:items/bowls/empty/bloodwood_bowl" }}],
        "darkwood_bowl": [{ "textures": { "layer0": "natura:items/bowls/empty/darkwood_bowl" }}],
        "fusewood_bowl": [{ "textures": { "layer0": "natura:items/bowls/empty/fusewood_bowl" }}]
    }
}
