{
    "forge_marker": 1,
    "defaults": {
        "transform": "forge:default-block",
        "textures": {
            "texture": "natura:blocks/planks/nether/fusewood_planks"
        },
        "model": "fence_post",
        "uvlock": true
    },
    "variants": {
        "north": {
            "true": {"submodel": "fence_side", "uvlock": true},
            "false": {}
        },
        "south": {
            "true": {"submodel": "fence_side", "y": 180, "uvlock": true},
            "false": {}
        },
        "east": {
            "true": {"submodel": "fence_side", "y": 90, "uvlock": true},
            "false": {}
        },
        "west": {
            "true": {"submodel": "fence_side", "y": 270, "uvlock": true},
            "false": {}
        }
    }
}
