{
    "forge_marker": 1,
    "defaults": {
        "transform": "forge:default-item",
        "model": "forge:item-layer"
    },
    "variants": {
        "barley": [{ "textures": { "layer0": "natura:items/materials/barley" }}],
        "barley_flour": [{ "textures": { "layer0": "natura:items/materials/barley_flour" }}],
        "wheat_flour": [{ "textures": { "layer0": "natura:items/materials/wheat_flour" }}],
        "cotton": [{ "textures": { "layer0": "natura:items/materials/cotton" }}],
        "sulfur_powder": [{ "textures": { "layer0": "natura:items/materials/sulfur_powder" }}],
        "ghostwood_fletching": [{ "textures": { "layer0": "natura:items/materials/ghostwood_fletching" }}],
        "imp_leather": [{ "textures": { "layer0": "natura:items/materials/imp_leather" }}],
        "flame_string": [{ "textures": { "layer0": "natura:items/materials/flame_string" }}],
        "blue_dye": [{ "textures": { "layer0": "natura:items/materials/blue_dye" }}]
    }
}
