{
    "forge_marker": 1,
    "defaults": {
        "transform": "forge:default-block"
    },
	"variants": {
        "type": {
            "ghostwood": {
                "model": "cube_column",
                "textures": {
                    "end": "natura:blocks/logs/nether/ghostwood_log_top",
                    "side": "natura:blocks/logs/nether/ghostwood_log"
                }
            },
            "darkwood": {
                "model": "cube_column",
                "textures": {
                    "end": "natura:blocks/logs/nether/darkwood_log_top",
                    "side": "natura:blocks/logs/nether/darkwood_log"
                }
            },
            "fusewood": {
                "model": "cube_column",
                "textures": {
                    "end": "natura:blocks/logs/nether/fusewood_log_top",
                    "side": "natura:blocks/logs/nether/fusewood_log"
                }
            }
        },
        "axis": {
            "none": {
                "__comment": "nothing to rotate"
            },
            "y": {
                "__comment": "nothing to rotate"
            },
            "z": {
                "x": 90
            },
            "x": {
                "x": 90,
                "y": 90
            }
        }
    }
}