{
    "forge_marker": 1,
    "defaults": {
        "transform": "forge:default-item",
        "model": "forge:item-layer"
    },
    "variants": {
        "ghostwood_door": [{ "textures": { "layer0": "natura:items/doors/ghostwood_door" }}],
        "bloodwood_door": [{ "textures": { "layer0": "natura:items/doors/bloodwood_door" }}],
        "darkwood_door": [{ "textures": { "layer0": "natura:items/doors/darkwood_door" }}],
        "fusewood_door": [{ "textures": { "layer0": "natura:items/doors/fusewood_door" }}]
    }
}
