{
    "forge_marker": 1,
    "defaults": {
        "transform": "forge:default-block",
        "textures": {
            "particle": "#bark",
            "bark": "natura:blocks/logs/nether/bloodwood_bark",
            "heart_small": "natura:blocks/logs/nether/bloodwood_heart_small",
            "upper_left": "natura:blocks/logs/nether/bloodwood_upper_left",
            "upper_right": "natura:blocks/logs/nether/bloodwood_upper_right",
            "side_left": "natura:blocks/logs/nether/bloodwood_side_left",
            "side_right": "natura:blocks/logs/nether/bloodwood_side_right",
            "lower_left": "natura:blocks/logs/nether/bloodwood_lower_left",
            "lower_right": "natura:blocks/logs/nether/bloodwood_lower_right"
        }
    },
	"variants": {
        "meta": {
            "0": {
                "model": "cube",
                "textures": {
                    "down":  "#upper_left",
                    "up":    "#upper_left",
                    "north": "#bark",
                    "south": "#side_left",
                    "west":  "#bark",
                    "east":  "#side_right"
                }
            },
            "1": {
                "model": "cube",
                "textures": {
                    "down":  "#upper_right",
                    "up":    "#upper_right",
                    "north": "#bark",
                    "south": "#side_right",
                    "west":  "#side_left",
                    "east":  "#bark"
                }
            },
            "2": {
                "model": "cube",
                "textures": {
                    "down":  "#lower_left",
                    "up":    "#lower_left",
                    "north": "#side_right",
                    "south": "#bark",
                    "west":  "#bark",
                    "east":  "#side_left"
                }
            },
            "3": {
                "model": "cube",
                "textures": {
                    "down":  "#lower_right",
                    "up":    "#lower_right",
                    "north": "#side_left",
                    "south": "#bark",
                    "west":  "#side_right",
                    "east":  "#bark"
                }
            },
            "4": {
                "model": "cube",
                "textures": {
                    "down":  "#side_left",
                    "up":    "#bark",
                    "north": "#side_right",
                    "south": "#bark",
                    "west":  "#upper_right",
                    "east":  "#upper_left"
                }
            },
            "5": {
                "model": "cube",
                "textures": {
                    "down":  "#side_right",
                    "up":    "#bark",
                    "north": "#bark",
                    "south": "#side_left",
                    "west":  "#upper_left",
                    "east":  "#upper_right"
                }
            },
            "6": {
                "model": "cube",
                "textures": {
                    "down":  "#bark",
                    "up":    "#side_right",
                    "north": "#side_left",
                    "south": "#bark",
                    "west":  "#lower_right",
                    "east":  "#lower_left"
                }
            },
            "7": {
                "model": "cube",
                "textures": {
                    "down":  "#bark",
                    "up":    "#side_left",
                    "north": "#bark",
                    "south": "#side_right",
                    "west":  "#lower_left",
                    "east":  "#lower_right"
                }
            },
            "8": {
                "model": "cube",
                "textures": {
                    "down":  "#side_left",
                    "up":    "#bark",
                    "north": "#upper_right",
                    "south": "#upper_left",
                    "west":  "#bark",
                    "east":  "#side_right"
                }
            },
            "9": {
                "model": "cube",
                "textures": {
                    "down":  "#side_right",
                    "up":    "#bark",
                    "north": "#upper_left",
                    "south": "#upper_right",
                    "west":  "#side_left",
                    "east":  "#bark"
                }
            },
            "10": {
                "model": "cube",
                "textures": {
                    "down":  "#bark",
                    "up":    "#side_left",
                    "north": "#lower_right",
                    "south": "#lower_left",
                    "west":  "#bark",
                    "east":  "#side_left"
                }
            },
            "11": {
                "model": "cube",
                "textures": {
                    "down":  "#bark",
                    "up":    "#side_right",
                    "north": "#lower_left",
                    "south": "#lower_right",
                    "west":  "#side_right",
                    "east":  "#bark"
                }
            },
            "12": {
                "model": "cube_all",
                "textures": {
                    "all":  "#bark"
                }
            },
            "13": {
                "model": "cube_all",
                "textures": {
                    "all":  "#bark"
                }
            },
            "14": {
                "model": "cube_all",
                "textures": {
                    "all":  "#bark"
                }
            },
            "15": {
                "model": "cube_all",
                "textures": {
                    "all":  "#bark"
                }
            }
        }
    }
}