{
    "forge_marker": 1,
    "defaults": {
        "transform": "forge:default-block",
        "model": "cross"
    },
	"variants": {
        "foliage": {
            "ghostwood": {
                "textures": {
                    "cross": "natura:blocks/saplings/nether/ghostwood_sapling"
                }
            },
            "fusewood": {
                "textures": {
                    "cross": "natura:blocks/saplings/nether/fusewood_sapling"
                }
            },
            "darkwood": {
                "textures": {
                    "cross": "natura:blocks/saplings/nether/darkwood_sapling"
                }
            }
        }
    }
}