{
    "forge_marker": 1,
    "defaults": {
        "transform": "forge:default-block",
        "model": "cube",
        "textures": {
            "particle": "#front",
            "down": "#bottom",
            "up": "#top",
            "north": "#front",
            "east": "#side",
            "south": "#side",
            "west": "#front"
        }
    },
	"variants": {
        "type": {
            "ghostwood": {
                "textures": {
                    "front": "natura:blocks/workbenches/nether/ghostwood_workbench_face",
                    "side": "natura:blocks/workbenches/nether/ghostwood_workbench_side",
                    "top": "natura:blocks/workbenches/nether/ghostwood_workbench_top",
                    "bottom": "natura:blocks/planks/nether/ghostwood_planks"
                }
            },
            "bloodwood": {
                "textures": {
                    "front": "natura:blocks/workbenches/nether/bloodwood_workbench_face",
                    "side": "natura:blocks/workbenches/nether/bloodwood_workbench_side",
                    "top": "natura:blocks/workbenches/nether/bloodwood_workbench_top",
                    "bottom": "natura:blocks/planks/nether/bloodwood_planks"
                }
            },
            "darkwood": {
                "textures": {
                    "front": "natura:blocks/workbenches/nether/darkwood_workbench_face",
                    "side": "natura:blocks/workbenches/nether/darkwood_workbench_side",
                    "top": "natura:blocks/workbenches/nether/darkwood_workbench_top",
                    "bottom": "natura:blocks/planks/nether/darkwood_planks"
                }
            },
            "fusewood": {
                "textures": {
                    "front": "natura:blocks/workbenches/nether/fusewood_workbench_face",
                    "side": "natura:blocks/workbenches/nether/fusewood_workbench_side",
                    "top": "natura:blocks/workbenches/nether/fusewood_workbench_top",
                    "bottom": "natura:blocks/planks/nether/fusewood_planks"
                }
            }
        }
    }
}