{
    "forge_marker": 1,
    "defaults": {
        "transform": "forge:default-block",
        "model": "cube_all",
        "textures": {
            "all": "natura:blocks/planks/nether/ghostwood_planks",
            "particle": "#all"
        }
    },
	"variants": {
        "type": {
            "ghostwood": {
                "textures": {
                    "all": "natura:blocks/planks/nether/ghostwood_planks"
                }
            },
            "bloodwood": {
                "textures": {
                    "all": "natura:blocks/planks/nether/bloodwood_planks"
                }
            },
            "darkwood": {
                "textures": {
                    "all": "natura:blocks/planks/nether/darkwood_planks"
                }
            },
            "fusewood": {
                "textures": {
                    "all": "natura:blocks/planks/nether/fusewood_planks"
                }
            }
        }
    }
}