{
    "forge_marker": 1,
    "defaults": {
        "transform": "forge:default-block",
        "model": "leaves",
        "textures": {
            "all": "natura:blocks/leaves/nether/darkwood_leaves"
        }
    },
	"variants": {
        "type": {
            "darkwood": {
                "model": "leaves",
                "textures": {
                    "all": "natura:blocks/leaves/nether/darkwood_leaves"
                }
            },
            "darkwood_flowering": {
                "model": "leaves",
                "textures": {
                    "all": "natura:blocks/leaves/nether/darkwood_flowering_leaves"
                }
            },
            "darkwood_fruit": {
                "model": "leaves",
                "textures": {
                    "all": "natura:blocks/leaves/nether/darkwood_fruit_leaves"
                }
            }
        }
    }
}