{
    "forge_marker": 1,
    "defaults": {
        "transform": "forge:default-block",
        "model": "cross"
    },
	"variants": {
        "type": {
            "green": {
                "textures": {
                    "cross": "natura:blocks/glowshroom/green/green_glowshroom"
                }
            },
            "blue": {
                "textures": {
                    "cross": "natura:blocks/glowshroom/blue/blue_glowshroom"
                }
            },
            "purple": {
                "textures": {
                    "cross": "natura:blocks/glowshroom/purple/purple_glowshroom"
                }
            }
        }
    }
}