{
    "forge_marker": 1,
    "defaults": {
        "transform": "forge:default-block",
        "model": "cube_column",
        "textures": {
            "end": "natura:blocks/planks/nether/ghostwood_planks",
            "side": "natura:blocks/bookshelves/overworld/ghostwood_bookshelf",
            "particle": "#side"
        }
    },
	"variants": {
        "type": {
            "ghostwood": {
                "textures": {
                    "end": "natura:blocks/planks/nether/ghostwood_planks",
                    "side": "natura:blocks/bookshelves/nether/ghostwood_bookshelf"
                }
            },
            "bloodwood": {
                "textures": {
                    "end": "natura:blocks/planks/nether/bloodwood_planks",
                    "side": "natura:blocks/bookshelves/nether/bloodwood_bookshelf"
                }
            },
            "darkwood": {
                "textures": {
                    "end": "natura:blocks/planks/nether/darkwood_planks",
                    "side": "natura:blocks/bookshelves/nether/darkwood_bookshelf"
                }
            },
            "fusewood": {
                "textures": {
                    "end": "natura:blocks/planks/nether/fusewood_planks",
                    "side": "natura:blocks/bookshelves/nether/fusewood_bookshelf"
                }
            }
        }
    }
}