{
    "forge_marker": 1,
    "defaults": {
        "transform": "forge:default-block",
        "textures": {
            "particle": "#all"
        }
    },
	"variants": {
	    "age": {
            "0": {
                "model": "natura:natura_bush_small",
                "textures": {
                    "all": "natura:blocks/berrybush/overworld/raspberry"
                }
            },
            "1": {
                "model": "natura:natura_bush_medium",
                "textures": {
                    "all": "natura:blocks/berrybush/overworld/raspberry"
                }
            },
            "2": {
                "model": "natura:natura_bush_large",
                "textures": {
                    "all": "natura:blocks/berrybush/overworld/raspberry"
                }
            },
            "3": {
                "model": "natura:natura_bush_large",
                "textures": {
                    "all": "natura:blocks/berrybush/overworld/raspberry_ripe"
                }
            }
        }
    }
}