{
    "forge_marker": 1,
    "defaults": {
        "transform": "forge:default-block",
        "model": "cross"
    },
	"variants": {
        "foliage": {
            "maple": {
                "textures": {
                    "cross": "natura:blocks/saplings/overworld/maple_sapling"
                }
            },
            "silverbell": {
                "textures": {
                    "cross": "natura:blocks/saplings/overworld/silverbell_sapling"
                }
            },
            "amaranth": {
                "textures": {
                    "cross": "natura:blocks/saplings/overworld/amaranth_sapling"
                }
            },
            "tiger": {
                "textures": {
                    "cross": "natura:blocks/saplings/overworld/tiger_sapling"
                }
            }
        }
    }
}