{
    "forge_marker": 1,
    "defaults": {
        "transform": "forge:default-block",
        "model": "half_slab",
        "textures": {
            "bottom": "#all",
            "top": "#all",
            "side": "#all",
            "particle": "#all"
        }
    },
    "variants": {
        "type": {
            "maple": {
                "textures": { "all": "natura:blocks/planks/overworld/maple_planks" }
            },
            "silverbell": {
                "textures": { "all": "natura:blocks/planks/overworld/silverbell_planks" }
            },
            "amaranth": {
                "textures": { "all": "natura:blocks/planks/overworld/amaranth_planks" }
            },
            "tiger": {
                "textures": { "all": "natura:blocks/planks/overworld/tiger_planks" }
            },
            "willow": {
                "textures": { "all": "natura:blocks/planks/overworld/willow_planks" }
            }
        },
        "half": {
            "bottom": {},
            "top": {
                "model": "upper_slab"
            }
        }
    }
}