{
    "forge_marker": 1,
    "defaults": {
        "transform": "forge:default-block"
    },
	"variants": {
        "type": {
            "maple": {
                "model": "cube_column",
                "textures": {
                    "end": "natura:blocks/logs/overworld/maple_log_top",
                    "side": "natura:blocks/logs/overworld/maple_log"
                }
            },
            "silverbell": {
                "model": "cube_column",
                "textures": {
                    "end": "natura:blocks/logs/overworld/silverbell_log_top",
                    "side": "natura:blocks/logs/overworld/silverbell_log"
                }
            },
            "amaranth": {
                "model": "cube_column",
                "textures": {
                    "end": "natura:blocks/logs/overworld/amaranth_log_top",
                    "side": "natura:blocks/logs/overworld/amaranth_log"
                }
            },
            "tiger": {
                "model": "cube_column",
                "textures": {
                    "end": "natura:blocks/logs/overworld/tiger_log_top",
                    "side": "natura:blocks/logs/overworld/tiger_log"
                }
            }
        },
        "axis": {
            "none": {
                "__comment": "nothing to rotate"
            },
            "y": {
                "__comment": "nothing to rotate"
            },
            "z": {
                "x": 90
            },
            "x": {
                "x": 90,
                "y": 90
            }
        }
    }
}