{
    "forge_marker": 1,
    "defaults": {
        "transform": "forge:default-block"
    },
	"variants": {
        "type": {
            "willow": {
                "model": "cube_column",
                "textures": {
                    "end": "natura:blocks/logs/overworld/willow_log_top",
                    "side": "natura:blocks/logs/overworld/willow_log"
                }
            },
            "eucalyptus": {
                "model": "cube_column",
                "textures": {
                    "end": "natura:blocks/logs/overworld/eucalyptus_log_top",
                    "side": "natura:blocks/logs/overworld/eucalyptus_log"
                }
            },
            "hopseed": {
                "model": "cube_column",
                "textures": {
                    "end": "natura:blocks/logs/overworld/hopseed_log_top",
                    "side": "natura:blocks/logs/overworld/hopseed_log"
                }
            },
            "sakura": {
                "model": "cube_column",
                "textures": {
                    "end": "natura:blocks/logs/overworld/sakura_log_top",
                    "side": "natura:blocks/logs/overworld/sakura_log"
                }
            }
        },
        "axis": {
            "none": {
                "__comment": "nothing to rotate"
            },
            "y": {
                "__comment": "nothing to rotate"
            },
            "z": {
                "x": 90
            },
            "x": {
                "x": 90,
                "y": 90
            }
        }
    }
}