{
    "forge_marker": 1,
    "defaults": {
        "transform": "forge:default-block",
        "model": "cube",
        "textures": {
            "particle": "#front",
            "down": "#bottom",
            "up": "#top",
            "north": "#front",
            "east": "#side",
            "south": "#side",
            "west": "#front"
        }
    },
	"variants": {
        "type": {
            "maple": {
                "textures": {
                    "front": "natura:blocks/workbenches/overworld/maple_workbench_face",
                    "side": "natura:blocks/workbenches/overworld/maple_workbench_side",
                    "top": "natura:blocks/workbenches/overworld/maple_workbench_top",
                    "bottom": "natura:blocks/planks/overworld/maple_planks"
                }
            },
            "silverbell": {
                "textures": {
                    "front": "natura:blocks/workbenches/overworld/silverbell_workbench_face",
                    "side": "natura:blocks/workbenches/overworld/silverbell_workbench_side",
                    "top": "natura:blocks/workbenches/overworld/silverbell_workbench_top",
                    "bottom": "natura:blocks/planks/overworld/silverbell_planks"
                }
            },
            "amaranth": {
                "textures": {
                    "front": "natura:blocks/workbenches/overworld/amaranth_workbench_face",
                    "side": "natura:blocks/workbenches/overworld/amaranth_workbench_side",
                    "top": "natura:blocks/workbenches/overworld/amaranth_workbench_top",
                    "bottom": "natura:blocks/planks/overworld/amaranth_planks"
                }
            },
            "tiger": {
                "textures": {
                    "front": "natura:blocks/workbenches/overworld/tiger_workbench_face",
                    "side": "natura:blocks/workbenches/overworld/tiger_workbench_side",
                    "top": "natura:blocks/workbenches/overworld/tiger_workbench_top",
                    "bottom": "natura:blocks/planks/overworld/tiger_planks"
                }
            },
            "willow": {
                "textures": {
                    "front": "natura:blocks/workbenches/overworld/willow_workbench_face",
                    "side": "natura:blocks/workbenches/overworld/willow_workbench_side",
                    "top": "natura:blocks/workbenches/overworld/willow_workbench_top",
                    "bottom": "natura:blocks/planks/overworld/willow_planks"
                }
            },
            "eucalyptus": {
                "textures": {
                    "front": "natura:blocks/workbenches/overworld/eucalyptus_workbench_face",
                    "side": "natura:blocks/workbenches/overworld/eucalyptus_workbench_side",
                    "top": "natura:blocks/workbenches/overworld/eucalyptus_workbench_top",
                    "bottom": "natura:blocks/planks/overworld/eucalyptus_planks"
                }
            },
            "hopseed": {
                "textures": {
                    "front": "natura:blocks/workbenches/overworld/hopseed_workbench_face",
                    "side": "natura:blocks/workbenches/overworld/hopseed_workbench_side",
                    "top": "natura:blocks/workbenches/overworld/hopseed_workbench_top",
                    "bottom": "natura:blocks/planks/overworld/hopseed_planks"
                }
            },
            "sakura": {
                "textures": {
                    "front": "natura:blocks/workbenches/overworld/sakura_workbench_face",
                    "side": "natura:blocks/workbenches/overworld/sakura_workbench_side",
                    "top": "natura:blocks/workbenches/overworld/sakura_workbench_top",
                    "bottom": "natura:blocks/planks/overworld/sakura_planks"
                }
            },
            "redwood": {
                "textures": {
                    "front": "natura:blocks/workbenches/overworld/redwood_workbench_face",
                    "side": "natura:blocks/workbenches/overworld/redwood_workbench_side",
                    "top": "natura:blocks/workbenches/overworld/redwood_workbench_top",
                    "bottom": "natura:blocks/planks/overworld/redwood_planks"
                }
            }
        }
    }
}