{
    "forge_marker": 1,
    "defaults": {
        "transform": "forge:default-block",
        "model": "cube_column",
        "textures": {
            "end": "natura:blocks/planks/overworld/maple_planks",
            "side": "natura:blocks/bookshelves/overworld/maple_bookshelf",
            "particle": "#side"
        }
    },
	"variants": {
        "type": {
            "maple": {
                "textures": {
                    "end": "natura:blocks/planks/overworld/maple_planks",
                    "side": "natura:blocks/bookshelves/overworld/maple_bookshelf"
                }
            },
            "silverbell": {
                "textures": {
                    "end": "natura:blocks/planks/overworld/silverbell_planks",
                    "side": "natura:blocks/bookshelves/overworld/silverbell_bookshelf"
                }
            },
            "amaranth": {
                "textures": {
                    "end": "natura:blocks/planks/overworld/amaranth_planks",
                    "side": "natura:blocks/bookshelves/overworld/amaranth_bookshelf"
                }
            },
            "tiger": {
                "textures": {
                    "end": "natura:blocks/planks/overworld/tiger_planks",
                    "side": "natura:blocks/bookshelves/overworld/tiger_bookshelf"
                }
            },
            "willow": {
                "textures": {
                    "end": "natura:blocks/planks/overworld/willow_planks",
                    "side": "natura:blocks/bookshelves/overworld/willow_bookshelf"
                }
            },
            "eucalyptus": {
                "textures": {
                    "end": "natura:blocks/planks/overworld/eucalyptus_planks",
                    "side": "natura:blocks/bookshelves/overworld/eucalyptus_bookshelf"
                }
            },
            "hopseed": {
                "textures": {
                    "end": "natura:blocks/planks/overworld/hopseed_planks",
                    "side": "natura:blocks/bookshelves/overworld/hopseed_bookshelf"
                }
            },
            "sakura": {
                "textures": {
                    "end": "natura:blocks/planks/overworld/sakura_planks",
                    "side": "natura:blocks/bookshelves/overworld/sakura_bookshelf"
                }
            },
            "redwood": {
                "textures": {
                    "end": "natura:blocks/planks/overworld/redwood_planks",
                    "side": "natura:blocks/bookshelves/overworld/redwood_bookshelf"
                }
            }
        }
    }
}