{
    "forge_marker": 1,
    "defaults": {
        "transform": "forge:default-block",
        "model": "leaves",
        "textures": {
            "all": "natura:blocks/leaves/overworld/maple_leaves"
        }
    },
	"variants": {
        "type": {
            "maple": {
                "model": "leaves",
                "textures": {
                    "all": "natura:blocks/leaves/overworld/maple_leaves"
                }
            },
            "silverbell": {
                "model": "leaves",
                "textures": {
                    "all": "natura:blocks/leaves/overworld/silverbell_leaves"
                }
            },
            "amaranth": {
                "model": "leaves",
                "textures": {
                    "all": "natura:blocks/leaves/overworld/amaranth_leaves"
                }
            },
            "tiger": {
                "model": "leaves",
                "textures": {
                    "all": "natura:blocks/leaves/overworld/tiger_leaves"
                }
            }
        }
    }
}