{
    "forge_marker": 1,
    "defaults": {
        "transform": "forge:default-block",
        "model": "cube_all",
        "textures": {
            "all": "natura:blocks/planks/overworld/maple_planks",
            "particle": "#all"
        }
    },
	"variants": {
        "type": {
            "maple": {
                "textures": {
                    "all": "natura:blocks/planks/overworld/maple_planks"
                }
            },
            "silverbell": {
                "textures": {
                    "all": "natura:blocks/planks/overworld/silverbell_planks"
                }
            },
            "amaranth": {
                "textures": {
                    "all": "natura:blocks/planks/overworld/amaranth_planks"
                }
            },
            "tiger": {
                "textures": {
                    "all": "natura:blocks/planks/overworld/tiger_planks"
                }
            },
            "willow": {
                "textures": {
                    "all": "natura:blocks/planks/overworld/willow_planks"
                }
            },
            "eucalyptus": {
                "textures": {
                    "all": "natura:blocks/planks/overworld/eucalyptus_planks"
                }
            },
            "hopseed": {
                "textures": {
                    "all": "natura:blocks/planks/overworld/hopseed_planks"
                }
            },
            "sakura": {
                "textures": {
                    "all": "natura:blocks/planks/overworld/sakura_planks"
                }
            },
            "redwood": {
                "textures": {
                    "all": "natura:blocks/planks/overworld/redwood_planks"
                }
            }
        }
    }
}