{
    "forge_marker": 1,
    "defaults": {
        "transform": "forge:default-block",
        "model": "cube_all"
    },
	"variants": {
        "type": {
            "bark": {
                "textures": {
                    "all": "natura:blocks/logs/overworld/redwood_bark"
                }
            },
            "heart": {
                "textures": {
                    "all": "natura:blocks/logs/overworld/redwood_heart"
                }
            },
            "root": {
                "textures": {
                    "all": "natura:blocks/logs/overworld/redwood_root"
                }
            }
        }
    }
}