{
    "forge_marker": 1,
    "defaults": {
        "transform": "forge:default-block",
        "model": "cube_all",
        "textures": {
            "all": "natura:blocks/obelisk/obelisk_inactive",
            "particle": "#all"
        }
    },
	"variants": {
        "type": {
            "inactive": {
                "textures": {
                    "all": "natura:blocks/obelisk/obelisk_inactive"
                }
            },
            "active": {
                "textures": {
                    "all": "natura:blocks/obelisk/obelisk_active"
                }
            }
        }
    }
}