{
    "forge_marker": 1,
    "defaults": {
        "transform": "forge:default-block",
        "textures": {
            "particle": "#all"
        }
    },
	"variants": {
	    "age": {
            "0": {
                "model": "natura:natura_saguaro_baby",
                "textures": {
                    "all": "natura:blocks/saguaro/saguaro_side"
                }
            },
            "1": {
                "model": "natura:natura_saguaro_baby",
                "textures": {
                    "all": "natura:blocks/saguaro/saguaro_side"
                }
            }
        }
    }
}