{
    "forge_marker": 1,
    "defaults": {
        "transform": "forge:default-block",
        "textures": {
            "side": "natura:blocks/saguaro/saguaro_side",
            "top": "natura:blocks/saguaro/saguaro_top",
            "bottom": "natura:blocks/saguaro/saguaro_bottom",
            "particle": "#side"
        },
        "model": "natura:natura_saguaro",
        "uvlock": true
    },
    "variants": {
        "north": {
            "true": {"submodel": "natura:natura_saguaro_side", "uvlock": true},
            "false": {}
        },
        "south": {
            "true": {"submodel": "natura:natura_saguaro_side", "y": 180, "uvlock": true},
            "false": {}
        },
        "east": {
            "true": {"submodel": "natura:natura_saguaro_side", "y": 90, "uvlock": true},
            "false": {}
        },
        "west": {
            "true": {"submodel": "natura:natura_saguaro_side", "y": 270, "uvlock": true},
            "false": {}
        },
        "up": {
            "true": {"submodel": "natura:natura_saguaro_top", "uvlock": true},
            "false": {}
        },
        "down": {
            "true": {"submodel": "natura:natura_saguaro_bottom", "uvlock": true},
            "false": {}
        }
    }
}
