{
    "forge_marker": 1,
    "defaults": {
        "transform": "forge:default-item",
        "model": "forge:item-layer"
    },
    "variants": {
        "wheat_seed_bag": [{ "textures": { "layer0": "natura:items/bags/wheat_seed_bag" }}],
        "carrots_seed_bag": [{ "textures": { "layer0": "natura:items/bags/carrots_seed_bag" }}],
        "potatoes_seed_bag": [{ "textures": { "layer0": "natura:items/bags/potatoes_seed_bag" }}],
        "nether_wart_seed_bag": [{ "textures": { "layer0": "natura:items/bags/nether_wart_seed_bag" }}]
    }
}
