{
    "forge_marker": 1,
    "defaults": {
        "transform": "forge:default-item",
        "model": "forge:item-layer"
    },
    "variants": {
        "ghostwood_mushroomstew": [{ "textures": { "layer0": "natura:items/bowls/empty/ghostwood_bowl", "layer1": "natura:items/bowls/stew/stew_mushroom" }}],
        "bloodwood_mushroomstew": [{ "textures": { "layer0": "natura:items/bowls/empty/bloodwood_bowl", "layer1": "natura:items/bowls/stew/stew_mushroom" }}],
        "darkwood_mushroomstew": [{ "textures": { "layer0": "natura:items/bowls/empty/darkwood_bowl", "layer1": "natura:items/bowls/stew/stew_mushroom" }}],
        "fusewood_mushroomstew": [{ "textures": { "layer0": "natura:items/bowls/empty/fusewood_bowl", "layer1": "natura:items/bowls/stew/stew_mushroom" }}],

        "vanilla_glowshroomstew": [{ "textures": { "layer0": "items/bowl", "layer1": "natura:items/bowls/stew/stew_glowshroom" }}],
        "ghostwood_glowshroomstew": [{ "textures": { "layer0": "natura:items/bowls/empty/ghostwood_bowl", "layer1": "natura:items/bowls/stew/stew_glowshroom" }}],
        "bloodwood_glowshroomstew": [{ "textures": { "layer0": "natura:items/bowls/empty/bloodwood_bowl", "layer1": "natura:items/bowls/stew/stew_glowshroom" }}],
        "darkwood_glowshroomstew": [{ "textures": { "layer0": "natura:items/bowls/empty/darkwood_bowl", "layer1": "natura:items/bowls/stew/stew_glowshroom" }}],
        "fusewood_glowshroomstew": [{ "textures": { "layer0": "natura:items/bowls/empty/fusewood_bowl", "layer1": "natura:items/bowls/stew/stew_glowshroom" }}],

        "berry_medley": [{ "textures": { "layer0": "natura:items/food/berry_medley" }}]
    }
}
