{
    "elements": [
        {
            "from": [ 2.0, 2.0, 0.0 ],
            "to": [ 14.0, 14.0, 2.0 ],
            "faces": {
                "north": { "uv": [ 2.0, 2.0, 14.0, 14.0 ], "texture": "#side" },
                "east": { "uv": [ 0.0, 1.0, 2.0, 13.0 ], "texture": "#top" },
                "south": { "uv": [ 2.0, 2.0, 14.0, 14.0 ], "texture": "#side" },
                "west": { "uv": [ 0.0, 1.0, 2.0, 13.0 ], "texture": "#top" },
                "up": { "uv": [ 2.0, 0.0, 14.0, 2.0 ], "texture": "#top" },
                "down": { "uv": [ 2.0, 0.0, 14.0, 2.0 ], "texture": "#top" }
            }
        }
    ]
}