{
    "elements": [
        {
            "from": [ 5.0, 0.0, 5.0 ], 
            "to": [ 11.0, 8.0, 11.0 ], 
            "faces": {
                "north": { "uv": [ 5.0, 8.0, 11.0, 16.0 ], "texture": "#all" },
                "east": { "uv": [ 5.0, 8.0, 11.0, 16.0 ], "texture": "#all" },
                "south": { "uv": [ 5.0, 8.0, 11.0, 16.0 ], "texture": "#all" },
                "west": { "uv": [ 5.0, 8.0, 11.0, 16.0 ], "texture": "#all" },
                "up": { "uv": [ 5.0, 5.0, 11.0, 11.0 ], "texture": "#all" },
                "down": { "uv": [ 5.0, 5.0, 11.0, 11.0 ], "texture": "#all" }
            }
        }
    ]
}