{
    "elements": [
        {
            "from": [ 4.0, 3.0, 10.0 ],
            "to": [ 12.0, 12.0, 18.0 ],
            "faces": {
                "north": { "uv": [ 8.0, 4.0, 16.0, 13.0 ], "texture": "#all" },
                "east": { "uv": [ 8.0, 4.0, 16.0, 13.0 ], "texture": "#all" },
                "south": { "uv": [ 8.0, 4.0, 16.0, 13.0 ], "texture": "#all" },
                "west": { "uv": [ 8.0, 4.0, 16.0, 13.0 ], "texture": "#all" },
                "up": { "uv": [ 0.0, 0.0, 7.0, 7.0 ], "texture": "#all" },
                "down": { "uv": [ 0.0, 0.0, 7.0, 7.0 ], "texture": "#all" }
            }
        }
    ]
}