{
    "ambientocclusion": false,
    "elements": [
        {   "from": [ 4, 0, 4 ],
            "to": [ 12, 8, 12 ],
            "shade": false,
            "faces": {
                "north": { "uv": [ 4, 8, 12, 16 ], "texture": "#all" },
                "east": { "uv": [ 4, 8, 12, 16 ], "texture": "#all" },
                "south": { "uv": [ 4, 8, 12, 16 ], "texture": "#all" },
                "west": { "uv": [ 4, 8, 12, 16 ], "texture": "#all" },
                "up": { "uv": [ 4, 8, 12, 16 ], "texture": "#all" },
                "down": { "uv": [ 4, 8, 12, 16 ], "texture": "#all" }
            }
        }
    ]
}
